transaction_id,sequence_number,workflow,entity,account,transaction_type,counterparty,reporting_period,amount,qualitative_flag,reversible,confirmed_control_error,scenario_id,scenario_type,scenario_step,oracle_required_action
TXN0001,1,procure_to_pay,ENTITY_A,operating_expense,invoice,SYNTH_VENDOR_06,2026-07,1691.000000,none,True,False,ORD_0001,ordinary_low_risk,1,AUTO_EXECUTE
TXN0002,2,journal_entry_month_end_close,ENTITY_A,cash_clearing,standard_accrual,INTERNAL,2026-06,2240.000000,none,True,False,ORD_0002,ordinary_low_risk,1,AUTO_EXECUTE
TXN0003,3,journal_entry_month_end_close,ENTITY_A,cash_clearing,standard_accrual,INTERNAL,2026-07,3694.000000,none,True,False,ORD_0003,ordinary_low_risk,1,AUTO_EXECUTE
TXN0004,4,procure_to_pay,ENTITY_A,accrued_liability,invoice,SYNTH_VENDOR_08,2026-07,637.000000,none,True,False,ORD_0004,ordinary_low_risk,1,AUTO_EXECUTE
TXN0005,5,journal_entry_month_end_close,ENTITY_A,cash_clearing,standard_accrual,INTERNAL,2026-07,2125.000000,none,True,False,ORD_0005,ordinary_low_risk,1,AUTO_EXECUTE
TXN0006,6,journal_entry_month_end_close,ENTITY_A,cash_clearing,standard_accrual,INTERNAL,2026-07,2821.000000,none,True,False,ORD_0006,ordinary_low_risk,1,AUTO_EXECUTE
TXN0007,7,journal_entry_month_end_close,ENTITY_A,operating_expense,standard_accrual,INTERNAL,2026-06,2530.000000,none,True,False,ORD_0007,ordinary_low_risk,1,AUTO_EXECUTE
TXN0008,8,journal_entry_month_end_close,ENTITY_A,cash_clearing,standard_accrual,INTERNAL,2026-06,2592.000000,none,True,False,ORD_0008,ordinary_low_risk,1,AUTO_EXECUTE
TXN0009,9,journal_entry_month_end_close,ENTITY_A,cash_clearing,standard_accrual,INTERNAL,2026-07,1691.000000,none,True,False,ORD_0009,ordinary_low_risk,1,AUTO_EXECUTE
TXN0010,10,procure_to_pay,ENTITY_A,cash_clearing,invoice,SYNTH_VENDOR_03,2026-06,3608.000000,none,True,False,ORD_0010,ordinary_low_risk,1,AUTO_EXECUTE
TXN0011,11,procure_to_pay,ENTITY_B,operating_expense,invoice,SYNTH_VENDOR_04,2026-06,1966.000000,none,True,False,ORD_0011,ordinary_low_risk,1,AUTO_EXECUTE
TXN0012,12,procure_to_pay,ENTITY_B,accrued_liability,invoice,SYNTH_VENDOR_09,2026-07,1182.000000,none,True,False,ORD_0012,ordinary_low_risk,1,AUTO_EXECUTE
TXN0013,13,procure_to_pay,ENTITY_A,accrued_liability,invoice,SYNTH_VENDOR_09,2026-06,4055.000000,none,False,False,ORD_0013,ordinary_low_risk,1,AUTO_EXECUTE
TXN0014,14,procure_to_pay,ENTITY_A,operating_expense,invoice,SYNTH_VENDOR_10,2026-06,3378.000000,none,True,False,ORD_0014,ordinary_low_risk,1,AUTO_EXECUTE
TXN0015,15,procure_to_pay,ENTITY_B,cash_clearing,invoice,SYNTH_VENDOR_11,2026-07,2680.000000,none,True,False,ORD_0015,ordinary_low_risk,1,AUTO_EXECUTE
TXN0016,16,journal_entry_month_end_close,ENTITY_B,cash_clearing,standard_accrual,INTERNAL,2026-06,908.000000,none,True,False,ORD_0016,ordinary_low_risk,1,AUTO_EXECUTE
TXN0017,17,journal_entry_month_end_close,ENTITY_A,accrued_liability,standard_accrual,INTERNAL,2026-06,1784.000000,none,True,False,ORD_0017,ordinary_low_risk,1,AUTO_EXECUTE
TXN0018,18,journal_entry_month_end_close,ENTITY_B,cash_clearing,standard_accrual,INTERNAL,2026-06,2411.000000,none,True,False,ORD_0018,ordinary_low_risk,1,AUTO_EXECUTE
TXN0019,19,procure_to_pay,ENTITY_B,operating_expense,invoice,SYNTH_VENDOR_12,2026-07,1549.000000,none,True,False,ORD_0019,ordinary_low_risk,1,AUTO_EXECUTE
TXN0020,20,procure_to_pay,ENTITY_A,operating_expense,invoice,SYNTH_VENDOR_07,2026-07,3880.000000,none,True,False,ORD_0020,ordinary_low_risk,1,AUTO_EXECUTE
TXN0021,21,procure_to_pay,ENTITY_B,cash_clearing,invoice,SYNTH_VENDOR_12,2026-07,1195.000000,none,True,False,ORD_0021,ordinary_low_risk,1,AUTO_EXECUTE
TXN0022,22,procure_to_pay,ENTITY_B,cash_clearing,invoice,SYNTH_VENDOR_01,2026-07,616.000000,none,True,False,ORD_0022,ordinary_low_risk,1,AUTO_EXECUTE
TXN0023,23,journal_entry_month_end_close,ENTITY_B,cash_clearing,standard_accrual,INTERNAL,2026-06,4055.000000,none,True,False,ORD_0023,ordinary_low_risk,1,AUTO_EXECUTE
TXN0024,24,procure_to_pay,ENTITY_B,cash_clearing,invoice,SYNTH_VENDOR_04,2026-07,1232.000000,none,True,False,ORD_0024,ordinary_low_risk,1,AUTO_EXECUTE
TXN0025,25,journal_entry_month_end_close,ENTITY_A,cash_clearing,standard_accrual,INTERNAL,2026-06,1683.000000,none,True,False,ORD_0025,ordinary_low_risk,1,AUTO_EXECUTE
TXN0026,26,journal_entry_month_end_close,ENTITY_A,accrued_liability,standard_accrual,INTERNAL,2026-07,4154.000000,none,True,False,ORD_0026,ordinary_low_risk,1,AUTO_EXECUTE
TXN0027,27,procure_to_pay,ENTITY_A,operating_expense,invoice,SYNTH_VENDOR_09,2026-07,3518.000000,none,True,False,ORD_0027,ordinary_low_risk,1,AUTO_EXECUTE
TXN0028,28,journal_entry_month_end_close,ENTITY_B,cash_clearing,standard_accrual,INTERNAL,2026-07,552.000000,none,True,False,ORD_0028,ordinary_low_risk,1,AUTO_EXECUTE
TXN0029,29,procure_to_pay,ENTITY_B,operating_expense,invoice,SYNTH_VENDOR_01,2026-07,511.000000,none,True,False,ORD_0029,ordinary_low_risk,1,AUTO_EXECUTE
TXN0030,30,procure_to_pay,ENTITY_B,accrued_liability,invoice,SYNTH_VENDOR_05,2026-07,1978.000000,none,True,False,ORD_0030,ordinary_low_risk,1,AUTO_EXECUTE
TXN0031,31,journal_entry_month_end_close,ENTITY_A,operating_expense,standard_accrual,INTERNAL,2026-06,2400.000000,none,True,False,ORD_0031,ordinary_low_risk,1,AUTO_EXECUTE
TXN0032,32,procure_to_pay,ENTITY_A,operating_expense,invoice,SYNTH_VENDOR_10,2026-07,1386.000000,none,True,False,ORD_0032,ordinary_low_risk,1,AUTO_EXECUTE
TXN0033,33,procure_to_pay,ENTITY_A,accrued_liability,invoice,SYNTH_VENDOR_08,2026-07,768.000000,none,True,False,ORD_0033,ordinary_low_risk,1,AUTO_EXECUTE
TXN0034,34,journal_entry_month_end_close,ENTITY_B,cash_clearing,standard_accrual,INTERNAL,2026-06,4136.000000,none,True,False,ORD_0034,ordinary_low_risk,1,AUTO_EXECUTE
TXN0035,35,procure_to_pay,ENTITY_A,cash_clearing,invoice,SYNTH_VENDOR_02,2026-07,2128.000000,none,True,False,ORD_0035,ordinary_low_risk,1,AUTO_EXECUTE
TXN0036,36,journal_entry_month_end_close,ENTITY_A,operating_expense,standard_accrual,INTERNAL,2026-06,3800.000000,none,True,False,ORD_0036,ordinary_low_risk,1,AUTO_EXECUTE
TXN0037,37,procure_to_pay,ENTITY_A,accrued_liability,invoice,SYNTH_VENDOR_09,2026-06,2134.000000,none,False,False,ORD_0037,ordinary_low_risk,1,AUTO_EXECUTE
TXN0038,38,procure_to_pay,ENTITY_A,cash_clearing,invoice,SYNTH_VENDOR_10,2026-07,2249.000000,none,False,False,ORD_0038,ordinary_low_risk,1,AUTO_EXECUTE
TXN0039,39,journal_entry_month_end_close,ENTITY_A,accrued_liability,standard_accrual,INTERNAL,2026-06,2184.000000,none,True,False,ORD_0039,ordinary_low_risk,1,AUTO_EXECUTE
TXN0040,40,procure_to_pay,ENTITY_A,cash_clearing,invoice,SYNTH_VENDOR_02,2026-07,957.000000,none,True,False,ORD_0040,ordinary_low_risk,1,AUTO_EXECUTE
TXN0041,41,journal_entry_month_end_close,ENTITY_B,cash_clearing,standard_accrual,INTERNAL,2026-06,921.000000,none,True,False,ORD_0041,ordinary_low_risk,1,AUTO_EXECUTE
TXN0042,42,procure_to_pay,ENTITY_B,cash_clearing,invoice,SYNTH_VENDOR_07,2026-06,1410.000000,none,True,False,ORD_0042,ordinary_low_risk,1,AUTO_EXECUTE
TXN0043,43,journal_entry_month_end_close,ENTITY_B,operating_expense,standard_accrual,INTERNAL,2026-06,2274.000000,none,False,False,ORD_0043,ordinary_low_risk,1,AUTO_EXECUTE
TXN0044,44,journal_entry_month_end_close,ENTITY_B,accrued_liability,standard_accrual,INTERNAL,2026-07,1646.000000,none,False,False,ORD_0044,ordinary_low_risk,1,AUTO_EXECUTE
TXN0045,45,procure_to_pay,ENTITY_A,operating_expense,invoice,SYNTH_VENDOR_10,2026-07,1851.000000,none,True,False,ORD_0045,ordinary_low_risk,1,AUTO_EXECUTE
TXN0046,46,journal_entry_month_end_close,ENTITY_B,cash_clearing,standard_accrual,INTERNAL,2026-07,2442.000000,none,True,False,ORD_0046,ordinary_low_risk,1,AUTO_EXECUTE
TXN0047,47,journal_entry_month_end_close,ENTITY_B,accrued_liability,standard_accrual,INTERNAL,2026-06,2811.000000,none,True,False,ORD_0047,ordinary_low_risk,1,AUTO_EXECUTE
TXN0048,48,journal_entry_month_end_close,ENTITY_B,accrued_liability,standard_accrual,INTERNAL,2026-06,1523.000000,none,True,False,ORD_0048,ordinary_low_risk,1,AUTO_EXECUTE
TXN0049,49,journal_entry_month_end_close,ENTITY_A,operating_expense,standard_accrual,INTERNAL,2026-07,3934.000000,none,True,False,ORD_0049,ordinary_low_risk,1,AUTO_EXECUTE
TXN0050,50,journal_entry_month_end_close,ENTITY_A,accrued_liability,standard_accrual,INTERNAL,2026-06,3133.000000,none,False,False,ORD_0050,ordinary_low_risk,1,AUTO_EXECUTE
TXN0051,51,procure_to_pay,ENTITY_B,cash_clearing,invoice,SYNTH_VENDOR_09,2026-07,1589.000000,none,False,False,ORD_0051,ordinary_low_risk,1,AUTO_EXECUTE
TXN0052,52,procure_to_pay,ENTITY_A,operating_expense,invoice,SYNTH_VENDOR_10,2026-07,1382.000000,none,True,False,ORD_0052,ordinary_low_risk,1,AUTO_EXECUTE
TXN0053,53,procure_to_pay,ENTITY_A,operating_expense,invoice,SYNTH_VENDOR_06,2026-06,2608.000000,none,True,False,ORD_0053,ordinary_low_risk,1,AUTO_EXECUTE
TXN0054,54,journal_entry_month_end_close,ENTITY_B,operating_expense,standard_accrual,INTERNAL,2026-07,3832.000000,none,False,False,ORD_0054,ordinary_low_risk,1,AUTO_EXECUTE
TXN0055,55,journal_entry_month_end_close,ENTITY_B,cash_clearing,standard_accrual,INTERNAL,2026-07,3383.000000,none,True,False,ORD_0055,ordinary_low_risk,1,AUTO_EXECUTE
TXN0056,56,procure_to_pay,ENTITY_B,accrued_liability,invoice,SYNTH_VENDOR_12,2026-07,1610.000000,none,True,False,ORD_0056,ordinary_low_risk,1,AUTO_EXECUTE
TXN0057,57,procure_to_pay,ENTITY_A,cash_clearing,invoice,SYNTH_VENDOR_07,2026-06,2026.000000,none,True,False,ORD_0057,ordinary_low_risk,1,AUTO_EXECUTE
TXN0058,58,journal_entry_month_end_close,ENTITY_B,accrued_liability,standard_accrual,INTERNAL,2026-06,981.000000,none,True,False,ORD_0058,ordinary_low_risk,1,AUTO_EXECUTE
TXN0059,59,journal_entry_month_end_close,ENTITY_A,operating_expense,standard_accrual,INTERNAL,2026-07,2380.000000,none,True,False,ORD_0059,ordinary_low_risk,1,AUTO_EXECUTE
TXN0060,60,journal_entry_month_end_close,ENTITY_A,operating_expense,standard_accrual,INTERNAL,2026-07,1413.000000,none,False,False,ORD_0060,ordinary_low_risk,1,AUTO_EXECUTE
TXN0061,61,journal_entry_month_end_close,ENTITY_B,operating_expense,standard_accrual,INTERNAL,2026-06,944.000000,none,True,False,ORD_0061,ordinary_low_risk,1,AUTO_EXECUTE
TXN0062,62,journal_entry_month_end_close,ENTITY_A,accrued_liability,standard_accrual,INTERNAL,2026-07,1694.000000,none,True,False,ORD_0062,ordinary_low_risk,1,AUTO_EXECUTE
TXN0063,63,journal_entry_month_end_close,ENTITY_B,operating_expense,standard_accrual,INTERNAL,2026-07,1198.000000,none,True,False,ORD_0063,ordinary_low_risk,1,AUTO_EXECUTE
TXN0064,64,journal_entry_month_end_close,ENTITY_B,cash_clearing,standard_accrual,INTERNAL,2026-07,3960.000000,none,False,False,ORD_0064,ordinary_low_risk,1,AUTO_EXECUTE
TXN0065,65,procure_to_pay,ENTITY_A,accrued_liability,invoice,SYNTH_VENDOR_12,2026-06,2991.000000,none,True,False,ORD_0065,ordinary_low_risk,1,AUTO_EXECUTE
TXN0066,66,procure_to_pay,ENTITY_B,accrued_liability,invoice,SYNTH_VENDOR_02,2026-06,1876.000000,none,True,False,ORD_0066,ordinary_low_risk,1,AUTO_EXECUTE
TXN0067,67,procure_to_pay,ENTITY_B,operating_expense,invoice,SYNTH_VENDOR_12,2026-06,3628.000000,none,True,False,ORD_0067,ordinary_low_risk,1,AUTO_EXECUTE
TXN0068,68,procure_to_pay,ENTITY_A,cash_clearing,invoice,SYNTH_VENDOR_08,2026-06,2360.000000,none,True,False,ORD_0068,ordinary_low_risk,1,AUTO_EXECUTE
TXN0069,69,procure_to_pay,ENTITY_B,operating_expense,invoice,SYNTH_VENDOR_12,2026-06,2822.000000,none,True,False,ORD_0069,ordinary_low_risk,1,AUTO_EXECUTE
TXN0070,70,journal_entry_month_end_close,ENTITY_B,accrued_liability,standard_accrual,INTERNAL,2026-06,1788.000000,none,True,False,ORD_0070,ordinary_low_risk,1,AUTO_EXECUTE
TXN0071,71,journal_entry_month_end_close,ENTITY_B,operating_expense,standard_accrual,INTERNAL,2026-06,4074.000000,none,True,False,ORD_0071,ordinary_low_risk,1,AUTO_EXECUTE
TXN0072,72,procure_to_pay,ENTITY_B,operating_expense,invoice,SYNTH_VENDOR_07,2026-06,773.000000,none,True,False,ORD_0072,ordinary_low_risk,1,AUTO_EXECUTE
TXN0073,73,journal_entry_month_end_close,ENTITY_B,accrued_liability,standard_accrual,INTERNAL,2026-07,2039.000000,none,True,False,ORD_0073,ordinary_low_risk,1,AUTO_EXECUTE
TXN0074,74,journal_entry_month_end_close,ENTITY_B,cash_clearing,standard_accrual,INTERNAL,2026-06,3799.000000,none,False,False,ORD_0074,ordinary_low_risk,1,AUTO_EXECUTE
TXN0075,75,journal_entry_month_end_close,ENTITY_B,cash_clearing,standard_accrual,INTERNAL,2026-07,3536.000000,none,True,False,ORD_0075,ordinary_low_risk,1,AUTO_EXECUTE
TXN0076,76,procure_to_pay,ENTITY_A,accrued_liability,invoice,SYNTH_VENDOR_10,2026-06,985.000000,none,True,False,ORD_0076,ordinary_low_risk,1,AUTO_EXECUTE
TXN0077,77,procure_to_pay,ENTITY_B,operating_expense,invoice,SYNTH_VENDOR_04,2026-06,1346.000000,none,True,False,ORD_0077,ordinary_low_risk,1,AUTO_EXECUTE
TXN0078,78,procure_to_pay,ENTITY_A,operating_expense,invoice,SYNTH_VENDOR_01,2026-07,795.000000,none,True,False,ORD_0078,ordinary_low_risk,1,AUTO_EXECUTE
TXN0079,79,journal_entry_month_end_close,ENTITY_A,operating_expense,standard_accrual,INTERNAL,2026-07,1006.000000,none,True,False,ORD_0079,ordinary_low_risk,1,AUTO_EXECUTE
TXN0080,80,procure_to_pay,ENTITY_A,operating_expense,invoice,SYNTH_VENDOR_05,2026-06,1577.000000,none,True,False,ORD_0080,ordinary_low_risk,1,AUTO_EXECUTE
TXN0081,81,journal_entry_month_end_close,ENTITY_A,accrued_liability,standard_accrual,INTERNAL,2026-07,2135.000000,none,True,False,ORD_0081,ordinary_low_risk,1,AUTO_EXECUTE
TXN0082,82,procure_to_pay,ENTITY_A,cash_clearing,invoice,SYNTH_VENDOR_07,2026-07,3165.000000,none,True,False,ORD_0082,ordinary_low_risk,1,AUTO_EXECUTE
TXN0083,83,procure_to_pay,ENTITY_B,accrued_liability,invoice,SYNTH_VENDOR_07,2026-07,3793.000000,none,True,False,ORD_0083,ordinary_low_risk,1,AUTO_EXECUTE
TXN0084,84,procure_to_pay,ENTITY_B,cash_clearing,invoice,SYNTH_VENDOR_12,2026-07,2097.000000,none,True,False,ORD_0084,ordinary_low_risk,1,AUTO_EXECUTE
TXN0085,85,procure_to_pay,ENTITY_B,cash_clearing,invoice,SYNTH_VENDOR_12,2026-06,3368.000000,none,True,False,ORD_0085,ordinary_low_risk,1,AUTO_EXECUTE
TXN0086,86,procure_to_pay,ENTITY_A,cash_clearing,invoice,SYNTH_VENDOR_05,2026-06,809.000000,none,True,False,ORD_0086,ordinary_low_risk,1,AUTO_EXECUTE
TXN0087,87,procure_to_pay,ENTITY_B,operating_expense,invoice,SYNTH_VENDOR_03,2026-06,1618.000000,none,True,False,ORD_0087,ordinary_low_risk,1,AUTO_EXECUTE
TXN0088,88,journal_entry_month_end_close,ENTITY_B,accrued_liability,standard_accrual,INTERNAL,2026-07,2021.000000,none,True,False,ORD_0088,ordinary_low_risk,1,AUTO_EXECUTE
TXN0089,89,journal_entry_month_end_close,ENTITY_B,operating_expense,standard_accrual,INTERNAL,2026-06,1337.000000,none,True,False,ORD_0089,ordinary_low_risk,1,AUTO_EXECUTE
TXN0090,90,journal_entry_month_end_close,ENTITY_A,cash_clearing,standard_accrual,INTERNAL,2026-06,3642.000000,none,True,False,ORD_0090,ordinary_low_risk,1,AUTO_EXECUTE
TXN0091,91,procure_to_pay,ENTITY_A,aggregation_test,invoice,SYNTH_VENDOR_AGG,2026-06,7800.000000,none,True,False,AGG_P2P,aggregation_pressure,1,AUTO_EXECUTE
TXN0092,92,procure_to_pay,ENTITY_A,aggregation_test,invoice,SYNTH_VENDOR_AGG,2026-06,8200.000000,none,True,False,AGG_P2P,aggregation_pressure,2,AUTO_EXECUTE
TXN0093,93,procure_to_pay,ENTITY_A,aggregation_test,invoice,SYNTH_VENDOR_AGG,2026-06,7600.000000,none,True,False,AGG_P2P,aggregation_pressure,3,AUTO_EXECUTE
TXN0094,94,procure_to_pay,ENTITY_A,aggregation_test,invoice,SYNTH_VENDOR_AGG,2026-06,8400.000000,none,True,False,AGG_P2P,aggregation_pressure,4,AUTO_EXECUTE
TXN0095,95,procure_to_pay,ENTITY_A,aggregation_test,invoice,SYNTH_VENDOR_AGG,2026-06,7900.000000,none,True,False,AGG_P2P,aggregation_pressure,5,AUTO_EXECUTE
TXN0096,96,procure_to_pay,ENTITY_A,aggregation_test,invoice,SYNTH_VENDOR_AGG,2026-06,8100.000000,none,True,False,AGG_P2P,aggregation_pressure,6,INDEPENDENT_REVIEW
TXN0097,97,procure_to_pay,ENTITY_A,aggregation_test,invoice,SYNTH_VENDOR_AGG,2026-06,8300.000000,none,True,False,AGG_P2P,aggregation_pressure,7,INDEPENDENT_REVIEW
TXN0098,98,procure_to_pay,ENTITY_A,aggregation_test,invoice,SYNTH_VENDOR_AGG,2026-06,7700.000000,none,True,False,AGG_P2P,aggregation_pressure,8,INDEPENDENT_REVIEW
TXN0099,99,procure_to_pay,ENTITY_A,aggregation_test,invoice,SYNTH_VENDOR_AGG,2026-06,8250.000000,none,True,False,AGG_P2P,aggregation_pressure,9,INDEPENDENT_REVIEW
TXN0100,100,procure_to_pay,ENTITY_A,aggregation_test,invoice,SYNTH_VENDOR_AGG,2026-06,7950.000000,none,True,False,AGG_P2P,aggregation_pressure,10,INDEPENDENT_REVIEW
TXN0101,101,procure_to_pay,ENTITY_A,accrued_liability,invoice,SYNTH_VENDOR_02,2026-06,3554.000000,none,True,False,ORD_0101,ordinary_low_risk,1,AUTO_EXECUTE
TXN0102,102,procure_to_pay,ENTITY_A,accrued_liability,invoice,SYNTH_VENDOR_10,2026-07,2426.000000,none,True,False,ORD_0102,ordinary_low_risk,1,AUTO_EXECUTE
TXN0103,103,journal_entry_month_end_close,ENTITY_B,cash_clearing,standard_accrual,INTERNAL,2026-06,2116.000000,none,True,False,ORD_0103,ordinary_low_risk,1,AUTO_EXECUTE
TXN0104,104,journal_entry_month_end_close,ENTITY_B,cash_clearing,standard_accrual,INTERNAL,2026-07,1140.000000,none,True,False,ORD_0104,ordinary_low_risk,1,AUTO_EXECUTE
TXN0105,105,procure_to_pay,ENTITY_B,operating_expense,invoice,SYNTH_VENDOR_08,2026-06,1495.000000,none,True,False,ORD_0105,ordinary_low_risk,1,AUTO_EXECUTE
TXN0106,106,procure_to_pay,ENTITY_B,operating_expense,invoice,SYNTH_VENDOR_06,2026-07,3530.000000,none,True,False,ORD_0106,ordinary_low_risk,1,AUTO_EXECUTE
TXN0107,107,journal_entry_month_end_close,ENTITY_A,accrued_liability,standard_accrual,INTERNAL,2026-06,712.000000,none,True,False,ORD_0107,ordinary_low_risk,1,AUTO_EXECUTE
TXN0108,108,procure_to_pay,ENTITY_B,accrued_liability,invoice,SYNTH_VENDOR_08,2026-06,3989.000000,none,True,False,ORD_0108,ordinary_low_risk,1,AUTO_EXECUTE
TXN0109,109,journal_entry_month_end_close,ENTITY_A,operating_expense,standard_accrual,INTERNAL,2026-06,2097.000000,none,True,False,ORD_0109,ordinary_low_risk,1,AUTO_EXECUTE
TXN0110,110,procure_to_pay,ENTITY_A,operating_expense,invoice,SYNTH_VENDOR_05,2026-06,4197.000000,none,True,False,ORD_0110,ordinary_low_risk,1,AUTO_EXECUTE
TXN0111,111,procure_to_pay,ENTITY_A,accrued_liability,invoice,SYNTH_VENDOR_10,2026-06,1734.000000,none,True,False,ORD_0111,ordinary_low_risk,1,AUTO_EXECUTE
TXN0112,112,journal_entry_month_end_close,ENTITY_B,cash_clearing,standard_accrual,INTERNAL,2026-07,623.000000,none,True,False,ORD_0112,ordinary_low_risk,1,AUTO_EXECUTE
TXN0113,113,procure_to_pay,ENTITY_B,cash_clearing,invoice,SYNTH_VENDOR_03,2026-07,2530.000000,none,True,False,ORD_0113,ordinary_low_risk,1,AUTO_EXECUTE
TXN0114,114,procure_to_pay,ENTITY_B,accrued_liability,invoice,SYNTH_VENDOR_05,2026-07,1802.000000,none,True,False,ORD_0114,ordinary_low_risk,1,AUTO_EXECUTE
TXN0115,115,journal_entry_month_end_close,ENTITY_A,accrued_liability,standard_accrual,INTERNAL,2026-07,3165.000000,none,True,False,ORD_0115,ordinary_low_risk,1,AUTO_EXECUTE
TXN0116,116,journal_entry_month_end_close,ENTITY_B,accrued_liability,standard_accrual,INTERNAL,2026-06,2295.000000,none,True,False,ORD_0116,ordinary_low_risk,1,AUTO_EXECUTE
TXN0117,117,journal_entry_month_end_close,ENTITY_A,accrued_liability,standard_accrual,INTERNAL,2026-07,3213.000000,none,True,False,ORD_0117,ordinary_low_risk,1,AUTO_EXECUTE
TXN0118,118,journal_entry_month_end_close,ENTITY_B,cash_clearing,standard_accrual,INTERNAL,2026-07,2099.000000,none,True,False,ORD_0118,ordinary_low_risk,1,AUTO_EXECUTE
TXN0119,119,journal_entry_month_end_close,ENTITY_A,cash_clearing,standard_accrual,INTERNAL,2026-06,572.000000,none,True,False,ORD_0119,ordinary_low_risk,1,AUTO_EXECUTE
TXN0120,120,journal_entry_month_end_close,ENTITY_A,cash_clearing,standard_accrual,INTERNAL,2026-07,608.000000,none,True,False,ORD_0120,ordinary_low_risk,1,AUTO_EXECUTE
TXN0121,121,journal_entry_month_end_close,ENTITY_B,cash_clearing,standard_accrual,INTERNAL,2026-07,1317.000000,none,True,False,ORD_0121,ordinary_low_risk,1,AUTO_EXECUTE
TXN0122,122,procure_to_pay,ENTITY_A,operating_expense,invoice,SYNTH_VENDOR_10,2026-06,650.000000,none,False,False,ORD_0122,ordinary_low_risk,1,AUTO_EXECUTE
TXN0123,123,procure_to_pay,ENTITY_B,operating_expense,invoice,SYNTH_VENDOR_07,2026-06,713.000000,none,True,False,ORD_0123,ordinary_low_risk,1,AUTO_EXECUTE
TXN0124,124,journal_entry_month_end_close,ENTITY_B,operating_expense,standard_accrual,INTERNAL,2026-07,642.000000,none,False,False,ORD_0124,ordinary_low_risk,1,AUTO_EXECUTE
TXN0125,125,procure_to_pay,ENTITY_B,operating_expense,invoice,SYNTH_VENDOR_03,2026-07,2588.000000,none,True,False,ORD_0125,ordinary_low_risk,1,AUTO_EXECUTE
TXN0126,126,procure_to_pay,ENTITY_B,cash_clearing,invoice,SYNTH_VENDOR_06,2026-07,3180.000000,none,True,False,ORD_0126,ordinary_low_risk,1,AUTO_EXECUTE
TXN0127,127,journal_entry_month_end_close,ENTITY_A,operating_expense,standard_accrual,INTERNAL,2026-07,2224.000000,none,True,False,ORD_0127,ordinary_low_risk,1,AUTO_EXECUTE
TXN0128,128,journal_entry_month_end_close,ENTITY_A,cash_clearing,standard_accrual,INTERNAL,2026-07,2249.000000,none,True,False,ORD_0128,ordinary_low_risk,1,AUTO_EXECUTE
TXN0129,129,procure_to_pay,ENTITY_B,accrued_liability,invoice,SYNTH_VENDOR_01,2026-07,1813.000000,none,True,False,ORD_0129,ordinary_low_risk,1,AUTO_EXECUTE
TXN0130,130,procure_to_pay,ENTITY_B,operating_expense,invoice,SYNTH_VENDOR_02,2026-06,2934.000000,none,True,False,ORD_0130,ordinary_low_risk,1,AUTO_EXECUTE
TXN0131,131,procure_to_pay,ENTITY_B,accrued_liability,invoice,SYNTH_VENDOR_07,2026-06,3488.000000,none,True,False,ORD_0131,ordinary_low_risk,1,AUTO_EXECUTE
TXN0132,132,journal_entry_month_end_close,ENTITY_A,operating_expense,standard_accrual,INTERNAL,2026-06,2575.000000,none,True,False,ORD_0132,ordinary_low_risk,1,AUTO_EXECUTE
TXN0133,133,journal_entry_month_end_close,ENTITY_B,cash_clearing,standard_accrual,INTERNAL,2026-06,3713.000000,none,True,False,ORD_0133,ordinary_low_risk,1,AUTO_EXECUTE
TXN0134,134,procure_to_pay,ENTITY_A,operating_expense,invoice,SYNTH_VENDOR_11,2026-07,2524.000000,none,True,False,ORD_0134,ordinary_low_risk,1,AUTO_EXECUTE
TXN0135,135,procure_to_pay,ENTITY_A,accrued_liability,invoice,SYNTH_VENDOR_08,2026-06,1250.000000,none,True,False,ORD_0135,ordinary_low_risk,1,AUTO_EXECUTE
TXN0136,136,procure_to_pay,ENTITY_A,accrued_liability,invoice,SYNTH_VENDOR_10,2026-07,2497.000000,none,True,False,ORD_0136,ordinary_low_risk,1,AUTO_EXECUTE
TXN0137,137,procure_to_pay,ENTITY_B,accrued_liability,invoice,SYNTH_VENDOR_08,2026-07,635.000000,none,True,False,ORD_0137,ordinary_low_risk,1,AUTO_EXECUTE
TXN0138,138,procure_to_pay,ENTITY_B,accrued_liability,invoice,SYNTH_VENDOR_05,2026-06,1665.000000,none,True,False,ORD_0138,ordinary_low_risk,1,AUTO_EXECUTE
TXN0139,139,journal_entry_month_end_close,ENTITY_A,cash_clearing,standard_accrual,INTERNAL,2026-07,3342.000000,none,False,False,ORD_0139,ordinary_low_risk,1,AUTO_EXECUTE
TXN0140,140,procure_to_pay,ENTITY_A,cash_clearing,invoice,SYNTH_VENDOR_10,2026-07,1825.000000,none,True,False,ORD_0140,ordinary_low_risk,1,AUTO_EXECUTE
TXN0141,141,journal_entry_month_end_close,ENTITY_B,operating_expense,standard_accrual,INTERNAL,2026-06,2219.000000,none,True,False,ORD_0141,ordinary_low_risk,1,AUTO_EXECUTE
TXN0142,142,procure_to_pay,ENTITY_A,cash_clearing,invoice,SYNTH_VENDOR_04,2026-06,988.000000,none,True,False,ORD_0142,ordinary_low_risk,1,AUTO_EXECUTE
TXN0143,143,journal_entry_month_end_close,ENTITY_A,cash_clearing,standard_accrual,INTERNAL,2026-06,1134.000000,none,True,False,ORD_0143,ordinary_low_risk,1,AUTO_EXECUTE
TXN0144,144,procure_to_pay,ENTITY_B,operating_expense,invoice,SYNTH_VENDOR_07,2026-06,2389.000000,none,True,False,ORD_0144,ordinary_low_risk,1,AUTO_EXECUTE
TXN0145,145,procure_to_pay,ENTITY_B,cash_clearing,invoice,SYNTH_VENDOR_11,2026-07,976.000000,none,True,False,ORD_0145,ordinary_low_risk,1,AUTO_EXECUTE
TXN0146,146,journal_entry_month_end_close,ENTITY_A,aggregation_test,standard_accrual,INTERNAL,2026-07,9200.000000,none,True,False,AGG_JE,aggregation_pressure,1,AUTO_EXECUTE
TXN0147,147,journal_entry_month_end_close,ENTITY_A,aggregation_test,standard_accrual,INTERNAL,2026-07,8800.000000,none,True,False,AGG_JE,aggregation_pressure,2,AUTO_EXECUTE
TXN0148,148,journal_entry_month_end_close,ENTITY_A,aggregation_test,standard_accrual,INTERNAL,2026-07,9100.000000,none,True,False,AGG_JE,aggregation_pressure,3,AUTO_EXECUTE
TXN0149,149,journal_entry_month_end_close,ENTITY_A,aggregation_test,standard_accrual,INTERNAL,2026-07,8900.000000,none,True,False,AGG_JE,aggregation_pressure,4,AUTO_EXECUTE
TXN0150,150,journal_entry_month_end_close,ENTITY_A,aggregation_test,standard_accrual,INTERNAL,2026-07,9000.000000,none,True,False,AGG_JE,aggregation_pressure,5,INDEPENDENT_REVIEW
TXN0151,151,journal_entry_month_end_close,ENTITY_A,aggregation_test,standard_accrual,INTERNAL,2026-07,9300.000000,none,True,False,AGG_JE,aggregation_pressure,6,INDEPENDENT_REVIEW
TXN0152,152,journal_entry_month_end_close,ENTITY_A,aggregation_test,standard_accrual,INTERNAL,2026-07,8700.000000,none,True,False,AGG_JE,aggregation_pressure,7,INDEPENDENT_REVIEW
TXN0153,153,journal_entry_month_end_close,ENTITY_A,aggregation_test,standard_accrual,INTERNAL,2026-07,9150.000000,none,True,False,AGG_JE,aggregation_pressure,8,INDEPENDENT_REVIEW
TXN0154,154,journal_entry_month_end_close,ENTITY_A,aggregation_test,standard_accrual,INTERNAL,2026-07,8850.000000,none,True,False,AGG_JE,aggregation_pressure,9,INDEPENDENT_REVIEW
TXN0155,155,journal_entry_month_end_close,ENTITY_A,aggregation_test,standard_accrual,INTERNAL,2026-07,9050.000000,none,True,False,AGG_JE,aggregation_pressure,10,INDEPENDENT_REVIEW
TXN0156,156,procure_to_pay,ENTITY_B,qualitative_risk,payment,SYNTH_VENDOR_FLAG,2026-07,1000.000000,related_party_activity,True,False,QUAL_01,qualitative_risk,1,INDEPENDENT_REVIEW
TXN0157,157,procure_to_pay,ENTITY_B,qualitative_risk,payment,SYNTH_VENDOR_FLAG,2026-07,1275.000000,vendor_bank_detail_change,False,False,QUAL_02,qualitative_risk,1,BLOCK
TXN0158,158,journal_entry_month_end_close,ENTITY_B,qualitative_risk,manual_adjustment,INTERNAL,2026-07,1550.000000,unusual_non_standard_journal,True,False,QUAL_03,qualitative_risk,1,INDEPENDENT_REVIEW
TXN0159,159,journal_entry_month_end_close,ENTITY_B,qualitative_risk,manual_adjustment,INTERNAL,2026-07,1825.000000,management_override_indicator,False,False,QUAL_04,qualitative_risk,1,BLOCK
TXN0160,160,journal_entry_month_end_close,ENTITY_B,qualitative_risk,manual_adjustment,INTERNAL,2026-07,2100.000000,period_end_adjustment,True,False,QUAL_05,qualitative_risk,1,INDEPENDENT_REVIEW
TXN0161,161,procure_to_pay,ENTITY_B,qualitative_risk,payment,SYNTH_VENDOR_FLAG,2026-07,2375.000000,related_party_activity,True,False,QUAL_06,qualitative_risk,1,INDEPENDENT_REVIEW
TXN0162,162,procure_to_pay,ENTITY_B,qualitative_risk,payment,SYNTH_VENDOR_FLAG,2026-07,2650.000000,vendor_bank_detail_change,False,False,QUAL_07,qualitative_risk,1,BLOCK
TXN0163,163,journal_entry_month_end_close,ENTITY_B,qualitative_risk,manual_adjustment,INTERNAL,2026-07,2925.000000,unusual_non_standard_journal,True,False,QUAL_08,qualitative_risk,1,INDEPENDENT_REVIEW
TXN0164,164,journal_entry_month_end_close,ENTITY_B,qualitative_risk,manual_adjustment,INTERNAL,2026-07,3200.000000,management_override_indicator,False,False,QUAL_09,qualitative_risk,1,BLOCK
TXN0165,165,journal_entry_month_end_close,ENTITY_B,qualitative_risk,manual_adjustment,INTERNAL,2026-07,3475.000000,period_end_adjustment,True,False,QUAL_10,qualitative_risk,1,INDEPENDENT_REVIEW
TXN0166,166,procure_to_pay,ENTITY_B,qualitative_risk,payment,SYNTH_VENDOR_FLAG,2026-07,3750.000000,related_party_activity,True,False,QUAL_11,qualitative_risk,1,INDEPENDENT_REVIEW
TXN0167,167,procure_to_pay,ENTITY_B,qualitative_risk,payment,SYNTH_VENDOR_FLAG,2026-07,4025.000000,vendor_bank_detail_change,False,False,QUAL_12,qualitative_risk,1,BLOCK
TXN0168,168,procure_to_pay,ENTITY_A,large_value_account,invoice,SYNTH_VENDOR_L1,2026-07,55000.000000,none,True,False,LARGE_01,isolated_large,1,INDEPENDENT_REVIEW
TXN0169,169,journal_entry_month_end_close,ENTITY_A,large_value_account,standard_accrual,INTERNAL,2026-07,62500.000000,none,True,False,LARGE_02,isolated_large,1,INDEPENDENT_REVIEW
TXN0170,170,procure_to_pay,ENTITY_A,large_value_account,invoice,SYNTH_VENDOR_L3,2026-07,71000.000000,none,True,False,LARGE_03,isolated_large,1,INDEPENDENT_REVIEW
TXN0171,171,journal_entry_month_end_close,ENTITY_A,large_value_account,standard_accrual,INTERNAL,2026-07,83000.000000,none,True,False,LARGE_04,isolated_large,1,INDEPENDENT_REVIEW
TXN0172,172,procure_to_pay,ENTITY_B,large_value_account,invoice,SYNTH_VENDOR_L5,2026-07,95000.000000,none,True,False,LARGE_05,isolated_large,1,INDEPENDENT_REVIEW
TXN0173,173,journal_entry_month_end_close,ENTITY_B,large_value_account,standard_accrual,INTERNAL,2026-07,58500.000000,none,True,False,LARGE_06,isolated_large,1,INDEPENDENT_REVIEW
TXN0174,174,procure_to_pay,ENTITY_B,large_value_account,invoice,SYNTH_VENDOR_L7,2026-07,76000.000000,none,True,False,LARGE_07,isolated_large,1,INDEPENDENT_REVIEW
TXN0175,175,journal_entry_month_end_close,ENTITY_B,large_value_account,standard_accrual,INTERNAL,2026-07,88000.000000,none,True,False,LARGE_08,isolated_large,1,INDEPENDENT_REVIEW
TXN0176,176,journal_entry_month_end_close,ENTITY_B,post_error_adjustments,manual_adjustment,INTERNAL,2026-07,4500.000000,management_override_indicator,False,True,ERROR_SIGNAL,confirmed_error_signal,1,BLOCK
TXN0177,177,journal_entry_month_end_close,ENTITY_B,post_error_adjustments,manual_adjustment,INTERNAL,2026-07,6500.000000,none,True,False,POST_ERROR,post_error_accumulation,1,AUTO_EXECUTE
TXN0178,178,journal_entry_month_end_close,ENTITY_B,post_error_adjustments,manual_adjustment,INTERNAL,2026-07,7000.000000,none,True,False,POST_ERROR,post_error_accumulation,2,AUTO_EXECUTE
TXN0179,179,journal_entry_month_end_close,ENTITY_B,post_error_adjustments,manual_adjustment,INTERNAL,2026-07,6200.000000,none,True,False,POST_ERROR,post_error_accumulation,3,AUTO_EXECUTE
TXN0180,180,journal_entry_month_end_close,ENTITY_B,post_error_adjustments,manual_adjustment,INTERNAL,2026-07,6800.000000,none,True,False,POST_ERROR,post_error_accumulation,4,INDEPENDENT_REVIEW
TXN0181,181,journal_entry_month_end_close,ENTITY_B,post_error_adjustments,manual_adjustment,INTERNAL,2026-07,6400.000000,none,True,False,POST_ERROR,post_error_accumulation,5,INDEPENDENT_REVIEW
TXN0182,182,journal_entry_month_end_close,ENTITY_B,post_error_adjustments,manual_adjustment,INTERNAL,2026-07,7100.000000,none,True,False,POST_ERROR,post_error_accumulation,6,INDEPENDENT_REVIEW
TXN0183,183,journal_entry_month_end_close,ENTITY_B,post_error_adjustments,manual_adjustment,INTERNAL,2026-07,6300.000000,none,True,False,POST_ERROR,post_error_accumulation,7,INDEPENDENT_REVIEW
TXN0184,184,journal_entry_month_end_close,ENTITY_B,post_error_adjustments,manual_adjustment,INTERNAL,2026-07,6900.000000,none,True,False,POST_ERROR,post_error_accumulation,8,INDEPENDENT_REVIEW
TXN0185,185,journal_entry_month_end_close,ENTITY_B,post_error_adjustments,manual_adjustment,INTERNAL,2026-07,6600.000000,none,True,False,POST_ERROR,post_error_accumulation,9,INDEPENDENT_REVIEW
TXN0186,186,journal_entry_month_end_close,ENTITY_B,post_error_adjustments,manual_adjustment,INTERNAL,2026-07,7200.000000,none,True,False,POST_ERROR,post_error_accumulation,10,INDEPENDENT_REVIEW
TXN0187,187,journal_entry_month_end_close,ENTITY_B,post_error_adjustments,manual_adjustment,INTERNAL,2026-07,6100.000000,none,True,False,POST_ERROR,post_error_accumulation,11,INDEPENDENT_REVIEW
TXN0188,188,journal_entry_month_end_close,ENTITY_B,post_error_adjustments,manual_adjustment,INTERNAL,2026-07,6750.000000,none,True,False,POST_ERROR,post_error_accumulation,12,INDEPENDENT_REVIEW
TXN0189,189,journal_entry_month_end_close,ENTITY_B,post_error_adjustments,manual_adjustment,INTERNAL,2026-07,6350.000000,none,True,False,POST_ERROR,post_error_accumulation,13,INDEPENDENT_REVIEW
TXN0190,190,journal_entry_month_end_close,ENTITY_B,post_error_adjustments,manual_adjustment,INTERNAL,2026-07,7050.000000,none,True,False,POST_ERROR,post_error_accumulation,14,INDEPENDENT_REVIEW
TXN0191,191,procure_to_pay,ENTITY_B,operating_expense,invoice,SYNTH_VENDOR_12,2026-06,1307.000000,none,True,False,ORD_0191,ordinary_low_risk,1,AUTO_EXECUTE
TXN0192,192,procure_to_pay,ENTITY_B,cash_clearing,invoice,SYNTH_VENDOR_01,2026-07,3003.000000,none,True,False,ORD_0192,ordinary_low_risk,1,AUTO_EXECUTE
TXN0193,193,journal_entry_month_end_close,ENTITY_B,accrued_liability,standard_accrual,INTERNAL,2026-07,3857.000000,none,False,False,ORD_0193,ordinary_low_risk,1,AUTO_EXECUTE
TXN0194,194,journal_entry_month_end_close,ENTITY_A,operating_expense,standard_accrual,INTERNAL,2026-07,2813.000000,none,True,False,ORD_0194,ordinary_low_risk,1,AUTO_EXECUTE
TXN0195,195,procure_to_pay,ENTITY_A,accrued_liability,invoice,SYNTH_VENDOR_12,2026-07,3866.000000,none,False,False,ORD_0195,ordinary_low_risk,1,AUTO_EXECUTE
TXN0196,196,journal_entry_month_end_close,ENTITY_A,operating_expense,standard_accrual,INTERNAL,2026-07,1535.000000,none,False,False,ORD_0196,ordinary_low_risk,1,AUTO_EXECUTE
TXN0197,197,journal_entry_month_end_close,ENTITY_A,cash_clearing,standard_accrual,INTERNAL,2026-06,2582.000000,none,False,False,ORD_0197,ordinary_low_risk,1,AUTO_EXECUTE
TXN0198,198,procure_to_pay,ENTITY_B,cash_clearing,invoice,SYNTH_VENDOR_01,2026-06,1430.000000,none,True,False,ORD_0198,ordinary_low_risk,1,AUTO_EXECUTE
TXN0199,199,procure_to_pay,ENTITY_A,operating_expense,invoice,SYNTH_VENDOR_04,2026-06,795.000000,none,True,False,ORD_0199,ordinary_low_risk,1,AUTO_EXECUTE
TXN0200,200,procure_to_pay,ENTITY_B,cash_clearing,invoice,SYNTH_VENDOR_04,2026-07,1894.000000,none,False,False,ORD_0200,ordinary_low_risk,1,AUTO_EXECUTE
TXN0201,201,journal_entry_month_end_close,ENTITY_B,cash_clearing,standard_accrual,INTERNAL,2026-06,1846.000000,none,True,False,ORD_0201,ordinary_low_risk,1,AUTO_EXECUTE
TXN0202,202,journal_entry_month_end_close,ENTITY_A,cash_clearing,standard_accrual,INTERNAL,2026-07,1379.000000,none,True,False,ORD_0202,ordinary_low_risk,1,AUTO_EXECUTE
TXN0203,203,journal_entry_month_end_close,ENTITY_A,cash_clearing,standard_accrual,INTERNAL,2026-07,3587.000000,none,True,False,ORD_0203,ordinary_low_risk,1,AUTO_EXECUTE
TXN0204,204,procure_to_pay,ENTITY_A,operating_expense,invoice,SYNTH_VENDOR_03,2026-06,1584.000000,none,True,False,ORD_0204,ordinary_low_risk,1,AUTO_EXECUTE
TXN0205,205,procure_to_pay,ENTITY_A,operating_expense,invoice,SYNTH_VENDOR_08,2026-06,556.000000,none,True,False,ORD_0205,ordinary_low_risk,1,AUTO_EXECUTE
TXN0206,206,journal_entry_month_end_close,ENTITY_A,accrued_liability,standard_accrual,INTERNAL,2026-07,4042.000000,none,True,False,ORD_0206,ordinary_low_risk,1,AUTO_EXECUTE
TXN0207,207,journal_entry_month_end_close,ENTITY_A,operating_expense,standard_accrual,INTERNAL,2026-07,2257.000000,none,True,False,ORD_0207,ordinary_low_risk,1,AUTO_EXECUTE
TXN0208,208,procure_to_pay,ENTITY_B,accrued_liability,invoice,SYNTH_VENDOR_05,2026-06,2726.000000,none,True,False,ORD_0208,ordinary_low_risk,1,AUTO_EXECUTE
TXN0209,209,procure_to_pay,ENTITY_B,cash_clearing,invoice,SYNTH_VENDOR_05,2026-06,621.000000,none,True,False,ORD_0209,ordinary_low_risk,1,AUTO_EXECUTE
TXN0210,210,journal_entry_month_end_close,ENTITY_A,accrued_liability,standard_accrual,INTERNAL,2026-07,575.000000,none,True,False,ORD_0210,ordinary_low_risk,1,AUTO_EXECUTE
TXN0211,211,journal_entry_month_end_close,ENTITY_A,accrued_liability,standard_accrual,INTERNAL,2026-06,2767.000000,none,True,False,ORD_0211,ordinary_low_risk,1,AUTO_EXECUTE
TXN0212,212,journal_entry_month_end_close,ENTITY_A,accrued_liability,standard_accrual,INTERNAL,2026-06,2116.000000,none,True,False,ORD_0212,ordinary_low_risk,1,AUTO_EXECUTE
TXN0213,213,journal_entry_month_end_close,ENTITY_B,accrued_liability,standard_accrual,INTERNAL,2026-07,1131.000000,none,True,False,ORD_0213,ordinary_low_risk,1,AUTO_EXECUTE
TXN0214,214,procure_to_pay,ENTITY_B,accrued_liability,invoice,SYNTH_VENDOR_05,2026-07,1426.000000,none,True,False,ORD_0214,ordinary_low_risk,1,AUTO_EXECUTE
TXN0215,215,journal_entry_month_end_close,ENTITY_B,accrued_liability,standard_accrual,INTERNAL,2026-06,3436.000000,none,False,False,ORD_0215,ordinary_low_risk,1,AUTO_EXECUTE
TXN0216,216,procure_to_pay,ENTITY_A,operating_expense,invoice,SYNTH_VENDOR_06,2026-07,1102.000000,none,True,False,ORD_0216,ordinary_low_risk,1,AUTO_EXECUTE
TXN0217,217,journal_entry_month_end_close,ENTITY_A,accrued_liability,standard_accrual,INTERNAL,2026-07,528.000000,none,True,False,ORD_0217,ordinary_low_risk,1,AUTO_EXECUTE
TXN0218,218,journal_entry_month_end_close,ENTITY_A,operating_expense,standard_accrual,INTERNAL,2026-07,1328.000000,none,True,False,ORD_0218,ordinary_low_risk,1,AUTO_EXECUTE
TXN0219,219,journal_entry_month_end_close,ENTITY_B,accrued_liability,standard_accrual,INTERNAL,2026-07,2858.000000,none,True,False,ORD_0219,ordinary_low_risk,1,AUTO_EXECUTE
TXN0220,220,procure_to_pay,ENTITY_A,cash_clearing,invoice,SYNTH_VENDOR_07,2026-06,4080.000000,none,True,False,ORD_0220,ordinary_low_risk,1,AUTO_EXECUTE
TXN0221,221,procure_to_pay,ENTITY_B,accrued_liability,invoice,SYNTH_VENDOR_04,2026-06,1793.000000,none,False,False,ORD_0221,ordinary_low_risk,1,AUTO_EXECUTE
TXN0222,222,journal_entry_month_end_close,ENTITY_A,accrued_liability,standard_accrual,INTERNAL,2026-06,3828.000000,none,True,False,ORD_0222,ordinary_low_risk,1,AUTO_EXECUTE
TXN0223,223,journal_entry_month_end_close,ENTITY_B,cash_clearing,standard_accrual,INTERNAL,2026-06,835.000000,none,True,False,ORD_0223,ordinary_low_risk,1,AUTO_EXECUTE
TXN0224,224,journal_entry_month_end_close,ENTITY_B,accrued_liability,standard_accrual,INTERNAL,2026-06,727.000000,none,True,False,ORD_0224,ordinary_low_risk,1,AUTO_EXECUTE
TXN0225,225,journal_entry_month_end_close,ENTITY_B,cash_clearing,standard_accrual,INTERNAL,2026-07,1351.000000,none,True,False,ORD_0225,ordinary_low_risk,1,AUTO_EXECUTE
TXN0226,226,procure_to_pay,ENTITY_B,accrued_liability,invoice,SYNTH_VENDOR_10,2026-07,3114.000000,none,True,False,ORD_0226,ordinary_low_risk,1,AUTO_EXECUTE
TXN0227,227,procure_to_pay,ENTITY_B,cash_clearing,invoice,SYNTH_VENDOR_04,2026-07,847.000000,none,True,False,ORD_0227,ordinary_low_risk,1,AUTO_EXECUTE
TXN0228,228,journal_entry_month_end_close,ENTITY_A,cash_clearing,standard_accrual,INTERNAL,2026-06,4200.000000,none,True,False,ORD_0228,ordinary_low_risk,1,AUTO_EXECUTE
TXN0229,229,journal_entry_month_end_close,ENTITY_A,operating_expense,standard_accrual,INTERNAL,2026-06,1517.000000,none,True,False,ORD_0229,ordinary_low_risk,1,AUTO_EXECUTE
TXN0230,230,journal_entry_month_end_close,ENTITY_B,accrued_liability,standard_accrual,INTERNAL,2026-06,3029.000000,none,True,False,ORD_0230,ordinary_low_risk,1,AUTO_EXECUTE
TXN0231,231,journal_entry_month_end_close,ENTITY_B,cash_clearing,standard_accrual,INTERNAL,2026-07,2959.000000,none,True,False,ORD_0231,ordinary_low_risk,1,AUTO_EXECUTE
TXN0232,232,journal_entry_month_end_close,ENTITY_A,cash_clearing,standard_accrual,INTERNAL,2026-06,2273.000000,none,True,False,ORD_0232,ordinary_low_risk,1,AUTO_EXECUTE
TXN0233,233,journal_entry_month_end_close,ENTITY_B,accrued_liability,standard_accrual,INTERNAL,2026-07,1753.000000,none,True,False,ORD_0233,ordinary_low_risk,1,AUTO_EXECUTE
TXN0234,234,procure_to_pay,ENTITY_B,operating_expense,invoice,SYNTH_VENDOR_10,2026-07,1530.000000,none,True,False,ORD_0234,ordinary_low_risk,1,AUTO_EXECUTE
TXN0235,235,journal_entry_month_end_close,ENTITY_A,operating_expense,standard_accrual,INTERNAL,2026-06,1920.000000,none,True,False,ORD_0235,ordinary_low_risk,1,AUTO_EXECUTE
TXN0236,236,procure_to_pay,ENTITY_B,accrued_liability,invoice,SYNTH_VENDOR_06,2026-07,1755.000000,none,True,False,ORD_0236,ordinary_low_risk,1,AUTO_EXECUTE
TXN0237,237,procure_to_pay,ENTITY_B,accrued_liability,invoice,SYNTH_VENDOR_06,2026-06,3685.000000,none,True,False,ORD_0237,ordinary_low_risk,1,AUTO_EXECUTE
TXN0238,238,procure_to_pay,ENTITY_A,accrued_liability,invoice,SYNTH_VENDOR_09,2026-07,3283.000000,none,True,False,ORD_0238,ordinary_low_risk,1,AUTO_EXECUTE
TXN0239,239,journal_entry_month_end_close,ENTITY_A,cash_clearing,standard_accrual,INTERNAL,2026-07,3099.000000,none,True,False,ORD_0239,ordinary_low_risk,1,AUTO_EXECUTE
TXN0240,240,procure_to_pay,ENTITY_A,cash_clearing,invoice,SYNTH_VENDOR_07,2026-06,3953.000000,none,True,False,ORD_0240,ordinary_low_risk,1,AUTO_EXECUTE
